[
{"id":"15","region_id":"1","name_uz":"Amudaryo tumani","name_oz":"Амударё тумани","name_ru":"Амударьинский район"},
{"id":"16","region_id":"1","name_uz":"Beruniy tumani","name_oz":"Беруний тумани","name_ru":"Берунийский район"},
{"id":"17","region_id":"1","name_uz":"Kegayli tumani","name_oz":"Кегайли тумани","name_ru":"Кегейлийский район"},
{"id":"18","region_id":"1","name_uz":"Qonliko‘l tumani","name_oz":"?онликўл тумани","name_ru":"Канлыкульский район"},
{"id":"19","region_id":"1","name_uz":"Qorao‘zak tumani","name_oz":"?ораўзак тумани","name_ru":"Караузякский район"},
{"id":"20","region_id":"1","name_uz":"Qo‘ng‘irot tumani","name_oz":"?ўн?ирот тумани","name_ru":"Кунградский район"},
{"id":"21","region_id":"1","name_uz":"Mo‘ynoq tumani","name_oz":"Мўйно? тумани","name_ru":"Муйнакский район"},
{"id":"22","region_id":"1","name_uz":"Nukus tumani","name_oz":"Нукус тумани","name_ru":"Нукусский район"},
{"id":"23","region_id":"1","name_uz":"Nukus shahri","name_oz":"Нукус ша?ри","name_ru":"город Нукус"},
{"id":"24","region_id":"1","name_uz":"Taxtako‘pir tumani","name_oz":"Тахтакўпир тумани","name_ru":"Тахтакупырский район"},
{"id":"25","region_id":"1","name_uz":"To‘rtko‘l tumani","name_oz":"Тўрткўл тумани","name_ru":"Турткульский район"},
{"id":"26","region_id":"1","name_uz":"Xo‘jayli tumani","name_oz":"Хўжайли тумани","name_ru":"Ходжейлийский район"},
{"id":"27","region_id":"1","name_uz":"Chimboy tumani","name_oz":"Чимбой тумани","name_ru":"Чимбайский район"},
{"id":"28","region_id":"1","name_uz":"Shumanay tumani","name_oz":"Шуманай тумани","name_ru":"Шуманайский район"},
{"id":"29","region_id":"1","name_uz":"Ellikqal‘a tumani","name_oz":"Эллик?алъа тумани","name_ru":"Элликкалинский район"},
{"id":"30","region_id":"2","name_uz":"Andijon shahri","name_oz":"Андижон ша?ри","name_ru":"город Андижан"},
{"id":"31","region_id":"2","name_uz":"Andijon tumani","name_oz":"Андижон тумани","name_ru":"Андижанский район"},
{"id":"32","region_id":"2","name_uz":"Asaka tumani","name_oz":"Асака тумани","name_ru":"Асакинский район"},
{"id":"33","region_id":"2","name_uz":"Baliqchi tumani","name_oz":"Бали?чи тумани","name_ru":"Балыкчинский район"},
{"id":"34","region_id":"2","name_uz":"Buloqboshi tumani","name_oz":"Було?боши тумани","name_ru":"Булакбашинский район"},
{"id":"35","region_id":"2","name_uz":"Bo‘z tumani","name_oz":"Бўз тумани","name_ru":"Бозский район"},
{"id":"36","region_id":"2","name_uz":"Jalaquduq tumani","name_oz":"Жала?уду? тумани","name_ru":"Джалакудукский район"},
{"id":"37","region_id":"2","name_uz":"Izbosgan tumani","name_oz":"Избосган тумани","name_ru":"Избасканский район"},
{"id":"38","region_id":"2","name_uz":"Qorasuv shahri","name_oz":"?орасув ша?ри","name_ru":"город Карасув"},
{"id":"39","region_id":"2","name_uz":"Qo‘rg‘ontepa tumani","name_oz":"?ўр?онтепа тумани","name_ru":"Кургантепинский район"},
{"id":"40","region_id":"2","name_uz":"Marhamat tumani","name_oz":"Мар?амат тумани","name_ru":"Мархаматский район"},
{"id":"41","region_id":"2","name_uz":"Oltinko‘l tumani","name_oz":"Олтинкўл тумани","name_ru":"Алтынкульский район"},
{"id":"42","region_id":"2","name_uz":"Paxtaobod tumani","name_oz":"Пахтаобод тумани","name_ru":"Пахтаабадский район"},
{"id":"43","region_id":"2","name_uz":"Ulug‘nor tumani","name_oz":"Улу?нор тумани","name_ru":"Улугнорский район"},
{"id":"44","region_id":"2","name_uz":"Xonabod tumani","name_oz":"Хонабод тумани","name_ru":"город Ханабад"},
{"id":"45","region_id":"2","name_uz":"Xo‘jaobod tumani","name_oz":"Хўжаобод тумани","name_ru":"Ходжаабадский район"},
{"id":"46","region_id":"2","name_uz":"Shaxrixon tumani","name_oz":"Шахрихон тумани","name_ru":"Шахриханский район"},
{"id":"47","region_id":"3","name_uz":"Buxoro shahri","name_oz":"Бухоро ша?ри","name_ru":"город Бухара"},
{"id":"48","region_id":"3","name_uz":"Buxoro tumani","name_oz":"Бухоро тумани","name_ru":"Бухарский район"},
{"id":"49","region_id":"3","name_uz":"Vobkent tumani","name_oz":"Вобкент тумани","name_ru":"Вабкентский район"},
{"id":"50","region_id":"3","name_uz":"G‘ijduvon tumani","name_oz":"?иждувон тумани","name_ru":"Гиждуванский район"},
{"id":"51","region_id":"3","name_uz":"Jondor tumani","name_oz":"Жондор тумани","name_ru":"Жондорский район"},
{"id":"52","region_id":"3","name_uz":"Kogon tumani","name_oz":"Когон тумани","name_ru":"Каганский район"},
{"id":"53","region_id":"3","name_uz":"Kogon shahri","name_oz":"Когон ша?ри","name_ru":"город Каган"},
{"id":"54","region_id":"3","name_uz":"Qorako‘l tumani","name_oz":"?оракўл тумани","name_ru":"Каракульский район"},
{"id":"55","region_id":"3","name_uz":"Qorovulbozor tumani","name_oz":"?оровулбозор тумани","name_ru":"Караулбазарский район"},
{"id":"56","region_id":"3","name_uz":"Olot tumani","name_oz":"Олот тумани","name_ru":"Алатский район"},
{"id":"57","region_id":"3","name_uz":"Peshku tumani","name_oz":"Пешку тумани","name_ru":"Пешкунский район"},
{"id":"58","region_id":"3","name_uz":"Romitan tumani","name_oz":"Ромитан тумани","name_ru":"Ромитанский район"},
{"id":"59","region_id":"3","name_uz":"Shofirkon tumani","name_oz":"Шофиркон тумани","name_ru":"Шафирканский район"},
{"id":"60","region_id":"4","name_uz":"Arnasoy tumani","name_oz":"Арнасой тумани","name_ru":"Арнасайский район"},
{"id":"61","region_id":"4","name_uz":"Baxmal tumani","name_oz":"Бахмал тумани","name_ru":"Бахмальский район"},
{"id":"62","region_id":"4","name_uz":"G‘allaorol tumani","name_oz":"?аллаорол тумани","name_ru":"Галляаральский район"},
{"id":"63","region_id":"4","name_uz":"Do‘stlik tumani","name_oz":"Дўстлик тумани","name_ru":"Дустликский район"},
{"id":"64","region_id":"4","name_uz":"Sh.Rashidov tumani","name_oz":"Ш.Рашидов тумани","name_ru":"Шараф-Рашидовский район"},
{"id":"65","region_id":"4","name_uz":"Jizzax shahri","name_oz":"Жиззах ша?ри","name_ru":"город Джизак"},
{"id":"66","region_id":"4","name_uz":"Zarbdor tumani","name_oz":"Зарбдор тумани","name_ru":"Зарбдарский район"},
{"id":"67","region_id":"4","name_uz":"Zafarobod tumani","name_oz":"Зафаробод тумани","name_ru":"Зафарабадский район"},
{"id":"68","region_id":"4","name_uz":"Zomin tumani","name_oz":"Зомин тумани","name_ru":"Зааминский район"},
{"id":"69","region_id":"4","name_uz":"Mirzacho‘l tumani","name_oz":"Мирзачўл тумани","name_ru":"Мирзачульский район"},
{"id":"70","region_id":"4","name_uz":"Paxtakor tumani","name_oz":"Пахтакор тумани","name_ru":"Пахтакорский район"},
{"id":"71","region_id":"4","name_uz":"Forish tumani","name_oz":"Фориш тумани","name_ru":"Фаришский район"},
{"id":"72","region_id":"4","name_uz":"Yangiobod tumani","name_oz":"Янгиобод тумани","name_ru":"Янгиабадский район"},
{"id":"73","region_id":"5","name_uz":"G‘uzor tumani","name_oz":"?узор тумани","name_ru":"Гузарский район"},
{"id":"74","region_id":"5","name_uz":"Dehqonobod tumani","name_oz":"Де??онобод тумани","name_ru":"Дехканабадский район"},
{"id":"75","region_id":"5","name_uz":"Qamashi tumani","name_oz":"?амаши тумани","name_ru":"Камашинский район"},
{"id":"76","region_id":"5","name_uz":"Qarshi tumani","name_oz":"?арши тумани","name_ru":"Каршинский район"},
{"id":"77","region_id":"5","name_uz":"Qarshi shahri","name_oz":"?арши ша?ри","name_ru":"город Карши"},
{"id":"78","region_id":"5","name_uz":"Kasbi tumani","name_oz":"Касби тумани","name_ru":"Касбийский район"},
{"id":"79","region_id":"5","name_uz":"Kitob tumani","name_oz":"Китоб тумани","name_ru":"Китабский район"},
{"id":"80","region_id":"5","name_uz":"Koson tumani","name_oz":"Косон тумани","name_ru":"Касанский район"},
{"id":"81","region_id":"5","name_uz":"Mirishkor tumani","name_oz":"Миришкор тумани","name_ru":"Миришкорский район"},
{"id":"82","region_id":"5","name_uz":"Muborak tumani","name_oz":"Муборак тумани","name_ru":"Мубарекский район"},
{"id":"83","region_id":"5","name_uz":"Nishon tumani","name_oz":"Нишон тумани","name_ru":"Нишанский район"},
{"id":"84","region_id":"5","name_uz":"Chiroqchi tumani","name_oz":"Чиро?чи тумани","name_ru":"Чиракчинский район"},
{"id":"85","region_id":"5","name_uz":"Shahrisabz tumani","name_oz":"Ша?рисабз тумани","name_ru":"Шахрисабзский район"},
{"id":"86","region_id":"5","name_uz":"Yakkabog‘ tumani","name_oz":"Яккабо? тумани","name_ru":"Яккабагский район"},
{"id":"87","region_id":"6","name_uz":"Zarafshon shahri","name_oz":"Зарафшон ша?ри","name_ru":"город Зарафшан"},
{"id":"88","region_id":"6","name_uz":"Karman tumani","name_oz":"Карман тумани","name_ru":"Карманинский район"},
{"id":"89","region_id":"6","name_uz":"Qiziltepa tumani","name_oz":"?изилтепа тумани","name_ru":"Кызылтепинский район"},
{"id":"90","region_id":"6","name_uz":"Konimex tumani","name_oz":"Конимех тумани","name_ru":"Канимехский район"},
{"id":"91","region_id":"6","name_uz":"Navbahor tumani","name_oz":"Навба?ор тумани","name_ru":"Навбахорский район"},
{"id":"92","region_id":"6","name_uz":"Navoiy shahri","name_oz":"Навоий ша?ри","name_ru":"город Навои"},
{"id":"93","region_id":"6","name_uz":"Nurota tumani","name_oz":"Нурота тумани","name_ru":"Нуратинский район"},
{"id":"94","region_id":"6","name_uz":"Tomdi tumani","name_oz":"Томди тумани","name_ru":"Тамдынский район"},
{"id":"95","region_id":"6","name_uz":"Uchquduq tumani","name_oz":"Уч?уду? тумани","name_ru":"Учкудукский район"},
{"id":"96","region_id":"6","name_uz":"Xatirchi tumani","name_oz":"Хатирчи тумани","name_ru":"Хатырчинский район"},
{"id":"97","region_id":"7","name_uz":"Kosonsoy tumani","name_oz":"Косонсой тумани","name_ru":"Касансайский район"},
{"id":"98","region_id":"7","name_uz":"Mingbuloq tumani","name_oz":"Мингбуло? тумани","name_ru":"Мингбулакский район"},
{"id":"99","region_id":"7","name_uz":"Namangan tumani","name_oz":"Наманган тумани","name_ru":"Наманганский район"},
{"id":"100","region_id":"7","name_uz":"Namangan shahri","name_oz":"Наманган ша?ри","name_ru":"город Наманган"},
{"id":"101","region_id":"7","name_uz":"Norin tumani","name_oz":"Норин тумани","name_ru":"Нарынский район"},
{"id":"102","region_id":"7","name_uz":"Pop tumani","name_oz":"Поп тумани","name_ru":"Папский район"},
{"id":"103","region_id":"7","name_uz":"To‘raqo‘rg‘on tumani","name_oz":"Тўра?ўр?он тумани","name_ru":"Туракурганский район"},
{"id":"104","region_id":"7","name_uz":"Uychi tumani","name_oz":"Уйчи тумани","name_ru":"Уйчинский район"},
{"id":"105","region_id":"7","name_uz":"Uchqo‘rg‘on tumani","name_oz":"Уч?ўр?он тумани","name_ru":"Учкурганский район"},
{"id":"106","region_id":"7","name_uz":"Chortoq tumani","name_oz":"Чорто? тумани","name_ru":"Чартакский район"},
{"id":"107","region_id":"7","name_uz":"Chust tumani","name_oz":"Чуст тумани","name_ru":"Чустский район"},
{"id":"108","region_id":"7","name_uz":"Yangiqo‘rg‘on tumani","name_oz":"Янги?ўр?он тумани","name_ru":"Янгикурганский район"},
{"id":"109","region_id":"8","name_uz":"Bulung‘ur tumani","name_oz":"Булун?ур тумани","name_ru":"Булунгурский район"},
{"id":"110","region_id":"8","name_uz":"Jomboy tumani","name_oz":"Жомбой тумани","name_ru":"Джамбайский район"},
{"id":"111","region_id":"8","name_uz":"Ishtixon tumani","name_oz":"Иштихон тумани","name_ru":"Иштыханский район"},
{"id":"112","region_id":"8","name_uz":"Kattaqo‘rg‘on tumani","name_oz":"Катта?ўр?он тумани","name_ru":"Каттакурганский район"},
{"id":"113","region_id":"8","name_uz":"Kattaqo‘rg‘on shahri","name_oz":"Катта?ўр?он ша?ри","name_ru":"город Каттакурган"},
{"id":"114","region_id":"8","name_uz":"Qo‘shrabot tumani","name_oz":"?ўшработ тумани","name_ru":"Кошрабадский район"},
{"id":"115","region_id":"8","name_uz":"Narpay tumani","name_oz":"Нарпай тумани","name_ru":"Нарпайский район"},
{"id":"116","region_id":"8","name_uz":"Nurabod tumani","name_oz":"Нурабод тумани","name_ru":"Нурабадский район"},
{"id":"117","region_id":"8","name_uz":"Oqdaryo tumani","name_oz":"О?дарё тумани","name_ru":"Акдарьинский район"},
{"id":"118","region_id":"8","name_uz":"Payariq tumani","name_oz":"Паяри? тумани","name_ru":"Пайарыкский район"},
{"id":"119","region_id":"8","name_uz":"Pastarg‘om tumani","name_oz":"Пастар?ом тумани","name_ru":"Пастдаргомский район"},
{"id":"120","region_id":"8","name_uz":"Paxtachi tumani","name_oz":"Пахтачи тумани","name_ru":"Пахтачийский район"},
{"id":"121","region_id":"8","name_uz":"Samarqand tumani","name_oz":"Самар?анд тумани","name_ru":"Самаркандский район"},
{"id":"122","region_id":"8","name_uz":"Samarqand shahri","name_oz":"Самар?анд ша?ри","name_ru":"город Самарканд"},
{"id":"123","region_id":"8","name_uz":"Toyloq tumani","name_oz":"Тойло? тумани","name_ru":"Тайлакский район"},
{"id":"124","region_id":"8","name_uz":"Urgut tumani","name_oz":"Ургут тумани","name_ru":"Ургутский район"},
{"id":"125","region_id":"9","name_uz":"Angor tumani","name_oz":"Ангор тумани","name_ru":"Ангорский район"},
{"id":"126","region_id":"9","name_uz":"Boysun tumani","name_oz":"Бойсун тумани","name_ru":"Байсунский район"},
{"id":"127","region_id":"9","name_uz":"Denov tumani","name_oz":"Денов тумани","name_ru":"Денауский район"},
{"id":"128","region_id":"9","name_uz":"Jarqo‘rg‘on tumani","name_oz":"Жар?ўр?он тумани","name_ru":"Джаркурганский район"},
{"id":"129","region_id":"9","name_uz":"Qiziriq tumani","name_oz":"?изири? тумани","name_ru":"Кизирикский район"},
{"id":"130","region_id":"9","name_uz":"Qo‘mqo‘rg‘on tumani","name_oz":"?ўм?ўр?он тумани","name_ru":"Кумкурганский район"},
{"id":"131","region_id":"9","name_uz":"Muzrabot tumani","name_oz":"Музработ тумани","name_ru":"Музрабадский район"},
{"id":"132","region_id":"9","name_uz":"Oltinsoy tumani","name_oz":"Олтинсой тумани","name_ru":"Алтынсайский район"},
{"id":"133","region_id":"9","name_uz":"Sariosiy tumani","name_oz":"Сариосий тумани","name_ru":"Сариасийский район"},
{"id":"134","region_id":"9","name_uz":"Termiz tumani","name_oz":"Термиз тумани","name_ru":"Термезский район"},
{"id":"135","region_id":"9","name_uz":"Termiz shahri","name_oz":"Термиз ша?ри","name_ru":"город Термез"},
{"id":"136","region_id":"9","name_uz":"Uzun tumani","name_oz":"Узун тумани","name_ru":"Узунский район"},
{"id":"137","region_id":"9","name_uz":"Sherobod tumani","name_oz":"Шеробод тумани","name_ru":"Шерабадский район"},
{"id":"138","region_id":"9","name_uz":"Sho‘rchi tumani","name_oz":"Шўрчи тумани","name_ru":"Шурчинский район"},
{"id":"139","region_id":"10","name_uz":"Boyovut tumani","name_oz":"Боёвут тумани","name_ru":"Баяутский район"},
{"id":"140","region_id":"10","name_uz":"Guliston tumani","name_oz":"Гулистон тумани","name_ru":"Гулистанский район"},
{"id":"141","region_id":"10","name_uz":"Guliston shahri","name_oz":"Гулистон ша?ри","name_ru":"город Гулистан"},
{"id":"142","region_id":"10","name_uz":"Mirzaobod tumani","name_oz":"Мирзаобод тумани","name_ru":"Мирзаабадский район"},
{"id":"143","region_id":"10","name_uz":"Oqoltin tumani","name_oz":"О?олтин тумани","name_ru":"Акалтынский район"},
{"id":"144","region_id":"10","name_uz":"Sayxunobod tumani","name_oz":"Сайхунобод тумани","name_ru":"Сайхунабадский район"},
{"id":"145","region_id":"10","name_uz":"Sardoba tumani","name_oz":"Сардоба тумани","name_ru":"Сардобский район"},
{"id":"146","region_id":"10","name_uz":"Sirdaryo tumani","name_oz":"Сирдарё тумани","name_ru":"Сырдарьинский район"},
{"id":"147","region_id":"10","name_uz":"Xavos tumani","name_oz":"Хавос тумани","name_ru":"Хавастский район"},
{"id":"148","region_id":"10","name_uz":"Shirin shahri","name_oz":"Ширин ша?ри","name_ru":"город Ширин"},
{"id":"149","region_id":"10","name_uz":"Yangiyer shahri","name_oz":"Янгиер ша?ри","name_ru":"город Янгиер"},
{"id":"150","region_id":"11","name_uz":"Angiren shahri","name_oz":"Ангирен ша?ри","name_ru":"город Ангрен"},
{"id":"151","region_id":"11","name_uz":"Bekabod tumani","name_oz":"Бекабод тумани","name_ru":"Бекабадский район"},
{"id":"152","region_id":"11","name_uz":"Bekabod shahri","name_oz":"Бекабод ша?ри","name_ru":"город Бекабад"},
{"id":"153","region_id":"11","name_uz":"Bo‘ka tumani","name_oz":"Бўка тумани","name_ru":"Букинский район"},
{"id":"154","region_id":"11","name_uz":"Bo‘stonliq tumani","name_oz":"Бўстонли? тумани","name_ru":"Бостанлыкский район"},
{"id":"155","region_id":"11","name_uz":"Zangiota tumani","name_oz":"Зангиота тумани","name_ru":"Зангиатинский район"},
{"id":"156","region_id":"11","name_uz":"Qibray tumani","name_oz":"?ибрай тумани","name_ru":"Кибрайский район"},
{"id":"157","region_id":"11","name_uz":"Quyichirchiq tumani","name_oz":"?уйичирчи? тумани","name_ru":"Куйичирчикский район"},
{"id":"158","region_id":"11","name_uz":"Oqqo‘rg‘on tumani","name_oz":"О??ўр?он тумани","name_ru":"Аккурганский район"},
{"id":"159","region_id":"11","name_uz":"Olmaliq shahri","name_oz":"Олмали? ша?ри","name_ru":"город Алмалык"},
{"id":"160","region_id":"11","name_uz":"Ohangaron tumani","name_oz":"О?ангарон тумани","name_ru":"Ахангаранский район"},
{"id":"161","region_id":"11","name_uz":"Parkent tumani","name_oz":"Паркент тумани","name_ru":"Паркентский район"},
{"id":"162","region_id":"11","name_uz":"Piskent tumani","name_oz":"Пискент тумани","name_ru":"Пскентский район"},
{"id":"163","region_id":"11","name_uz":"O‘rtachirchiq tumani","name_oz":"Ўртачирчи? тумани","name_ru":"Уртачирчикский район"},
{"id":"164","region_id":"11","name_uz":"Chinoz tumani","name_oz":"Чиноз тумани","name_ru":"Чиназский район"},
{"id":"165","region_id":"11","name_uz":"Chirchiq shahri","name_oz":"Чирчи? ша?ри","name_ru":"город Чирчик"},
{"id":"166","region_id":"11","name_uz":"Yuqorichirchiq tumani","name_oz":"Ю?оричирчи? тумани","name_ru":"Юкоричирчикский район"},
{"id":"167","region_id":"11","name_uz":"Yangiyo‘l tumani","name_oz":"Янгийўл тумани","name_ru":"Янгиюльский район"},
{"id":"168","region_id":"12","name_uz":"Beshariq tumani","name_oz":"Бешари? тумани","name_ru":"Бешарыкский район"},
{"id":"169","region_id":"12","name_uz":"Bog‘dod tumani","name_oz":"Бо?дод тумани","name_ru":"Багдадский район"},
{"id":"170","region_id":"12","name_uz":"Buvayda tumani","name_oz":"Бувайда тумани","name_ru":"Бувайдинский район"},
{"id":"171","region_id":"12","name_uz":"Dang‘ara tumani","name_oz":"Дан?ара тумани","name_ru":"Дангаринский район"},
{"id":"172","region_id":"12","name_uz":"Yozyovon tumani","name_oz":"Ёзёвон тумани","name_ru":"Язъяванский район"},
{"id":"173","region_id":"12","name_uz":"Quva tumani","name_oz":"?ува тумани","name_ru":"Кувинский район"},
{"id":"174","region_id":"12","name_uz":"Quvasoy shahri","name_oz":"?увасой ша?ри","name_ru":"город Кувасай"},
{"id":"175","region_id":"12","name_uz":"Qo‘qon shahri","name_oz":"?ў?он ша?ри","name_ru":"город Коканд"},
{"id":"176","region_id":"12","name_uz":"Qo‘shtepa tumani","name_oz":"?ўштепа тумани","name_ru":"Куштепинский район"},
{"id":"177","region_id":"12","name_uz":"Marg‘ilon shahri","name_oz":"Мар?илон ша?ри","name_ru":"город Маргилан"},
{"id":"178","region_id":"12","name_uz":"Oltiariq tumani","name_oz":"Олтиари? тумани","name_ru":"Алтыарыкский район"},
{"id":"179","region_id":"12","name_uz":"Rishton tumani","name_oz":"Риштон тумани","name_ru":"Риштанский район"},
{"id":"180","region_id":"12","name_uz":"So‘x tumani","name_oz":"Сўх тумани","name_ru":"Сохский район"},
{"id":"181","region_id":"12","name_uz":"Toshloq tumani","name_oz":"Тошло? тумани","name_ru":"Ташлакский район"},
{"id":"182","region_id":"12","name_uz":"Uchko‘prik tumani","name_oz":"Учкўприк тумани","name_ru":"Учкуприкский район"},
{"id":"183","region_id":"12","name_uz":"O‘zbekiston tumani","name_oz":"Ўзбекистон тумани","name_ru":"Узбекистанский район"},
{"id":"184","region_id":"12","name_uz":"Farg‘ona tumani","name_oz":"Фар?она тумани","name_ru":"Ферганский район"},
{"id":"185","region_id":"12","name_uz":"Farg‘ona shahri","name_oz":"Фар?она ша?ри","name_ru":"город Фергана"},
{"id":"186","region_id":"12","name_uz":"Furqat tumani","name_oz":"Фур?ат тумани","name_ru":"Фуркатский район"},
{"id":"187","region_id":"13","name_uz":"Bog‘ot tumani","name_oz":"Бо?от тумани","name_ru":"Багатский район"},
{"id":"188","region_id":"13","name_uz":"Gurlan tumani","name_oz":"Гурлан тумани","name_ru":"Гурленский район"},
{"id":"189","region_id":"13","name_uz":"Qo‘shko‘pir tumani","name_oz":"?ўшкўпир тумани","name_ru":"Кошкупырский район"},
{"id":"190","region_id":"13","name_uz":"Urganch tumani","name_oz":"Урганч тумани","name_ru":"Ургенчский район"},
{"id":"191","region_id":"13","name_uz":"Urganch shahri","name_oz":"Урганч ша?ри","name_ru":"город Ургенч"},
{"id":"192","region_id":"13","name_uz":"Xiva tumani","name_oz":"Хива тумани","name_ru":"Хивинский район"},
{"id":"193","region_id":"13","name_uz":"Xazarasp tumani","name_oz":"Хазарасп тумани","name_ru":"Хазараспский район"},
{"id":"194","region_id":"13","name_uz":"Xonqa tumani","name_oz":"Хон?а тумани","name_ru":"Ханкинский район"},
{"id":"195","region_id":"13","name_uz":"Shavot tumani","name_oz":"Шавот тумани","name_ru":"Шаватский район"},
{"id":"196","region_id":"13","name_uz":"Yangiariq tumani","name_oz":"Янгиари? тумани","name_ru":"Янгиарыкский район"},
{"id":"197","region_id":"13","name_uz":"Yangibozor tumani","name_oz":"Янгибозор тумани","name_ru":"Янгибазарский район"},
{"id":"198","region_id":"14","name_uz":"Bektimer tumani","name_oz":"Бектимер тумани","name_ru":"Бектемирский район"},
{"id":"199","region_id":"14","name_uz":"Mirzo Ulug'bek tumani","name_oz":"Мирзо-Улугбекский район","name_ru":"Мирзо-Улугбекский район"},
{"id":"200","region_id":"14","name_uz":"Mirobod tumani","name_oz":"Миробод тумани","name_ru":"Мирабадский район"},
{"id":"201","region_id":"14","name_uz":"Olmazor tumani","name_oz":"Олмазор тумани","name_ru":"Алмазарский район"},
{"id":"202","region_id":"14","name_uz":"Sirg'ali tumani","name_oz":"Сиргали тумани","name_ru":"Сергелийский район"},
{"id":"203","region_id":"14","name_uz":"Uchtepa tumani","name_oz":"Учтепа тумани","name_ru":"Учтепинский район"},
{"id":"204","region_id":"14","name_uz":"Yashnobod tumani","name_oz":"Яшнобод тумани","name_ru":"Яшнободский район"},
{"id":"205","region_id":"14","name_uz":"Chilonzor tumani","name_oz":"Чилонзор тумани","name_ru":"Чиланзарский район"},
{"id":"206","region_id":"14","name_uz":"Shayxontohur tumani","name_oz":"Шайхонто?ур тумани","name_ru":"Шайхантахурский район"},
{"id":"207","region_id":"14","name_uz":"Yunusobod tumani","name_oz":"Юнусобод тумани","name_ru":"Юнусабадский район"},
{"id":"208","region_id":"14","name_uz":"Yakkasaroy tumani","name_oz":"Яккасарой тумани","name_ru":"Яккасарайский район"},
{"id":"209","region_id":"1","name_uz":"Taxiatosh shahri","name_oz":"Тахиатош ша?ри","name_ru":"Тахиаташский район"},
{"id":"210","region_id":"2","name_uz":"Asaka shahri","name_oz":"Асака ша?ри","name_ru":"Асакинский район"},
{"id":"211","region_id":"9","name_uz":"Bandixon tumani","name_oz":"Бандихон тумани","name_ru":"Бандиханский район"},
{"id":"212","region_id":"11","name_uz":"Ohangaron shahri","name_oz":"О?ангарон ша?ри","name_ru":"город Ахангаранский"},
{"id":"213","region_id":"11","name_uz":"Yangiyo‘l shahri","name_oz":"Янгийўл ша?ри","name_ru":"город Янгиюль"},
{"id":"215","region_id":"11","name_uz":"Toshkent tumani","name_oz":"Тошкент тумани","name_ru":"Ташкентский район"},
{"id":"216","region_id":"13","name_uz":"Xiva shahri","name_oz":"Хива ша?ри\r\n\r\nХива ша?ри\r\n\r\nХива ша?ри","name_ru":"город Хива"},
{"id":"217","region_id":"13","name_uz":"Do'stlik shahri","name_oz":"Дўстлик ша?ри\r\nДўстлик ша?ри","name_ru":"город Дўстлик\r\nДўстлик"},
{"id":"218","region_id":"14","name_uz":"Yangihayot tumani","name_oz":"Янгихаёт тумани","name_ru":"Янгихаётский район"},
{"id":"219","region_id":"13","name_uz":"Tuproqqala tumani","name_oz":"Тупро??алъа тумани","name_ru":"Тироккальский район"}]